Text,Dominant_Topic
following initial diagnosis process allegations accepted complaint follows 1 commenced process request water concession corpamag autonomous corporation magdalena asked technical reports facilitate aforementioned request however filed request directly corpamag sending 2 followed request technical complete 2nd step corpamag insisted sending technical directly corpamag refused due lack trust upon receiving reviewing intentionally omitted draw water canal favors neighboring crop 3 disagreements plantation boundaries complainants ex husbands plantation land dispute alerted issue receive response take action resolve land dispute even informed 4 harassed intimidated sought explanation resolution,0
nagari kapa long demanded clarity extent php 1s nucleus estate 7 march 2014 provincial office national land agency bpn west sumatera carried land measurement village involving staffs php 1 nagari representatives leader nagari kapa however raised objection process results said transparent demand proposed solution measurement fully involves representatives customary law nagari kapa process phases including recapitulation process end request accompanied ngo wide experience participatory mapping php1 hgu certificate lands nagari kapa growing palms since 1997 hgu decree sk hgu fully understand php1 needs customary lands development invested large amount money therefore would ask php1 leave lands would ask php 1 terminate operation proposed solutions facilitated wilmar fpp nagari kapak meeting 19november 2014 kuala lumpur parties agreed bring issues bpn head district pasaman barat,0
forest clearance involvement land dispute indofood agri resources,2
amongst allegations fact identified follows forced members give rights land developed plantation thepromises made fulfilled around 2015 carried replanting deep peat areas area 4 000 ha coordination sungai enau village government head farmers respond communitys dispute despite communitys request meet resolve issues raised continues source produce land involving police police sent forced ordered workers continue harvesting argument police one police officers kicked individual recording video situation absent socialisation meeting relevant stakeholder officials despite invited sungai enau village government,0
greenpeace 3rd alert bulletin felda global ventures fgv cleared natural forest peat taa violated malaysian labour law exploited workers greenpeace final countdown 9 18,4
allegations termination employment smart tbk kebun adi pati severance payment,4
operating area luak talang parit obtaining prior consent b develop plasma plantations c internal grievance mechanism stakeholders access,2
stakeholders gar internal monitoring detected indications ofongoing deforestation wpp concession april 2021,1
dian anggara persada dap violated worker freedom association,4
allegations raised complaint follows respond unions requests hearing bipartite meeting matter pertaining freedom association interrogated members f lomenik hereinafter referred union intimidated workers resigning union restricted union conducting activity issuing letter prohibiting union distributing groceries members conjunction may day transferred unions chairman secretary different transfers accordance applicable laws regulations asserted deliberate act obstruct unions activity,4
synopsis gar subsidiary kartika prima cipta kpc acquired land local dayak malay communities free prior informed consent kpc done hcv study prior developing land gar taking lands first land tenure studies participatory mapping providing adequate information communities implications land surrenders kpc going setting aside land hcv areas resulted reduction land holding communities eighteen gar subsidiaries operating appropriate hak guna usaha breach legal requirements operate plantation indonesia points raised 1 kpc persistent violation p c pertaining hcv assessment recognition customary land right free prior informed consent fpic lack fpic local dayak malay people process acquiring land 2 land take done land tenure study participatory mapping 3 lhcv assessments done late final consultation may 2014 4 dissatisfaction among smallholders resentment reduced plot size set aside hcv rather included plasma scheme 20 5 set aside land hcs area made provision customary land uses tenure local people livelihood 6 gar parent 18 subsidiaries listed acting violation new planting procedure npp submitting information knows false hgu sixteen 16 eighteen 18 concessions npp submitted 7 assessors endorsed gar’s hcv assessment esias social engagement actions violation responsibility provide impartial assessment compliance principles criteria remarks criteria gar requested withdraw new planting procedure npp submission secretariat decided shall remain website pending resolution complaint,0
mighty earth rapid response indications 21 ha deforestation bsl concession feb 7 june 14,1
allegations forest clearance impact biodiversity leuser ecosystem,1
transnational labour solidarity tpols said received reports violations basic labour rights plantations based reports union members found number similarities employment practices violate human rights standards among transnational corporations practice contradicts called sustainability policies claimed mdash members one estate agro kati lama sipef mongabay,4
unresponsive cases workplace accidents experienced workers instance failed promptly submit claim bpjs ketenagakerjaan least one worker daily casual workers registered bpjs kesehatan bpjs healthcare bpjs ketenagakerjaan bpjs employment security fails furnish pay slips workers health care facility provided far home workers ensure worker’s rights associate union management members workers working core work employed definite time employment agreement pkwt scheme instead indefinite time employment agreement pkwtt furnished appointment letters prior written indefinite time employment agreement pkwtt daily casual workers provided written employment agreement workers work overtime 3 three hours per day 14 fourteen hours per week failed establish regulations peraturan perusahaan employed workers daily casual workers 3 three years ensure legal certainty workers event expiration termination employment relationship due death redundancy pension resignation fails provide personal protective equipment ppe workers working respondent’s plantation area despite fact obtained health safety management system certification failed provide festivity allowance tunjangan hari raya workers including daily casual workers provides insufficient housing workers daily casual workers provided natural allowance rice,4
labour right issues uganda limited venture wilmar international limited indirectly bidco uganda limited 48 stake,4
allegations sumber hasil prima sinar sawit andalanhas failed share communities effective plans development started land clearing works hak guna usaha communities disputing right lands concessions charging proper fpic process used child labour developing plantations remarksrspo meeting good hope 16 july 2014 discuss action plan member promised comply documents activites end august member submitted progress related documents 16 september 2014 complaint coordinator review wait response,0
desa pergulaan disputing legitimacy land acquisition lonsum desa pergulaan failed comply national laws indonesia carrying land acquisition therefore fpic process flawed questioning validity hgu extension granted government acknowledged complaint engaged bilateral negotiations complainants since early 2013 view addressing outstanding issues 23 july 2013 parties informed principle reached agreement settle dispute bilateral talks start 2014 elections endorsed,0
cleared hcv forest habitat various endemic animals including orang utan formal complaint filed allegations result directive seeking clarification response letter submitted attached reviewing specific complaints received contents companys response letter determine next cause action,0
complaint lodged result comments given respondents npp consultation resolved allegations withheld two important documents made available stakeholders principle transparency documents original draft 2011 hcv assessment respondents legal review commissioned secretariat,0
affecting compliance act corporate due diligence obligations prevention human rights violations supply chains lksg abused human rights indigenous population carrying unlawful seizure land restricting access water complied labour law unjustifiably withholding appropriate wages occupational health safety regulations respected improper disposal waste made affecting environment area lives,4
allegations peat clearance social conflict setia agrindo lestari sal partly owned first resources greenpeace final countdown 9 18,2
western pacific oils claimed purchasing mb shortening moi foods moi foods clarified wpo supplier,5
golden veroleum liberia provided public notification 30 day consistent new planting procedures ii commenced land preparation new planting infrastructure developmentprior expiry minimum 30 day iii conducted comprehensive participatory independent social environmental impact assessment area concerned incorporate results relevant action plans see criteria 5 1 6 1 7 1 7 4 including identification primary forest b area required maintain c enhance one high conservation values hcvs local peoples land iv clearing land free prior informed consent customary land owners represented representative organizations choice p c 2 2 2 3 7 5 7 6 complaints panel panel reviewed evidence preliminary findings panel issue related butaw refer cp decision september 2015 closed monitoring status,0
mighty earth rapid response 39 thatbetween april 2021 march 2022 total approx 340 hectares forest indicative hcs cleared sawit sukses sejati concession anda total 390 hectares forest indicative hcs cleared usaha sawit unggul concession said beaffiliated teguhkarsa wanalestari,1
planted trees outside hgu respondents planted trees edge river resulted damage watershed never watered road traversed ffb cpo transport trucks affected health two villages due dust mills chimney emits black smoke causes air pollution polluting river water surrounding settlement caused liquid waste mills provide proper social assistance local,2
unauthorised regulation flat rate overtime premium copy collective bargaining agreement furnished workers workers working night shift provided extra food inadequate unsanitary worker’s housing daily casual workers provided written employment agreement daily casual workers provided employment security bpjs ketenagakerjaan card complicated healthcare insurance bpjs kesehatan paid sick day processes unfair dismissal termination unjustified reason participating union activities limitation worker’s right organize outside established independent non affiliated trade union,4
mighty earth rapid response 21 indications 79 ha deforestation feb 25 sep 6,1
media reports apsl carried land clearing using fire involved hostage situation rokan hulu district riau province employees environment forestry ministry khlk abducted investigating 2015 forest fires,2
extractora la gloria sas planting former hacienda bellacruz today hacienda la gloria occupies 9 000 hectares municipalities la gloria pelaya tamalameque southern cesar department following rules comply following principles principle 1 1 given provide clear sufficient information regarding business principle 2 1 business declared colombian authorities crops planted environmental management plan forest reserve goes national business environmental regulations principle 2 2 property ownership claims areas extractora la gloria grows majority crops called question national international judicial bodies farming communities demanded formalization customary land rights violently denied paramilitary groups principle 2 3 business operations recognized rights farmers displacement victims contravention businesses duty guarantee free prior informed consent regarding land use principle 4 4 installing processing crops extractora la gloria affected cao alonso forest reserve buffer zone singarar el carmen simaa streams principle 5 2 avoided damaging cao alonso forest reserve buffer zone specially protected habitat installing crops reserves environmental buffer zone principle 6 4 neglected claimants despite fact affected business activities refused create negotiation platforms principle 6 13 benefited grave human rights violations vulnerable farmers forcefully displaced illegal armed actors publicly rejected threats intimidations claimants even requested constitutional court lift cautionary measures protecting victims,0
mighty earth rrr 37 satellite imagery see shows may sept 2021 total 8 5 hectares forest hcs cleared kencana alam permai concession,1
herakles farms sgsocis developing 70 000 hectare plantation mill cameroon earmarked area plantation claimed located biodiversity hotspot covered species rich canopy forest area surrounded nationally protected forest complainants alleging clearing areas disrupt ecological landscape migration routes protected species subspecies result loss water resources subsistence farming lands local communities complainants hcv assessment done incomplete flawed,0
despite member promoting free products via labeling packaging tv commercials ferrero stated 1 evidence provided ferrero ignored 2 casino promoting sans palmhuille products promote sustainable promoting products required code conduct 3 casino denigrates general offering environmental nutritional perspective makes effort differentiate conventional sustainable effects denigrates general affecting use sustainable promoting products done nothing promote products 4 decision based premise thatan rspomember choose whether commit code conduct depends whether involves food product non food product supported rules 5 casinos advertisement clearly says casino goes fundamental raison detre rspos existence taken whole decision espo contradicts code conduct members 6 final decision contradicts preliminary decision,2
susantripermai kapuas maju jaya dwiewarna karyaareillegally operating plantingpalmin area productive forest three break indonesian law specifically uu 41 tahun 1999 uu 18 tahun 2013 uu 39 tahun 2014 3 obtained forest land swap area forest area release permit business permit hgu,2
acquired ffb using restrictive competition practices affects smallholders omitted antitrust guidelines,5
greenpeace final countdown allegations deforestation graha agro nusantara agriprima cipta persada agrinusa persada mulia number mighty earth rapid response reports deforestation allegations involving gama kpn,3
cultivated planted land first obtaining consent rightful owner hence causing material non material loss,0
land grabbing following subsidiaries astra agro lestari aal mamuang ii lestari tani telada ltt iii agro nusa abadi ana,0
eof claimed gar purchased ffb illegally grown harvested cpo contaminated ffb cpo products contaminated cpo,5
30 aug mighty earth rapid response 30 thatbetween february 11 may 20 total 101 hectares forest cleared pkpp plantation sdn bhd concession october 26 2027 october total 78 hectares forest cleared ypj plantations sdn bhd ladang ssi sg ara concession rapid response 31 published november mighty earth continued deforestations indications involving pknp,1
early july ahong kong based anti trafficking ngo called liberty shared ls published apetitionagainst sime darby plantation bhd child forced labour petitionfiled us customs border protection agency april ls urged ban imports firm products see petition,4
allegations lack transparency plasma scheme locations tapang tingang village dan kiungkang village sanggau west kalimantan,0
dispute regarding plasma cooperation local,0
involvement labour right issues hamparan masawit bangun persada hmbp subsidiary best,4
mighty earth rapid response 2 carrying deforestation berau karetindo lestari rayatama jaya harapan rimba raya simpi indai bkl si gar suppliers mighty earth rapid response 6 committing deforestation linked gar supply chain rayatama jaya sumur pandanwangi mulia inti perkasa prasetya mitra muda krida dharma kahuripan,3
indications deforestation detected jaya jadi utama sawit lamandau raya concessions q4 managed cbip jju slr gar direct suppliers gar sources another cbip subsidiary e berkala maju bersama,3
allegations land grab sinar mas,0
gar found indication deforestation internal monitoring process flora nusa perdana part sumber tani agug sta central kalimantan,3
1 owns operates plantations conflicted contested rural lands montes de maria 2 diminished legal customary user rights region montes de mara fpic local communities 3 failed fulfil commitments ensure transparency providing necessary information interested parties 4 failed fulfil commitments use peaceful dispute resolution mechanisms instigate violence protect human rights defenders prevent reprisals 5 conducted non compliant land clearing resulted damage high conservation value hcv areas freshwater ecosystems region,0
glp yet fulfill commitment allocate plasma land,0
acquired land develop ghana destroyed farmers rubber plantation willing pay damages caused rubber farmers still cutting rubber farms plant remaining uncultivated lands taken respondents project shown interest resolving issues despite several complaints made complainants,0
november 2023 gecko project published article chasing shadows indications link first resources fr several namely ciliandry anky abadi caa fap agri fapa new borneo agri sulaidy among fr gar supply chain published,2
non compliant products indo alam enter wilmar’s supply chain supplier teupin lada,5
one aceites mills purchasing ffb operation run mrs alva yiseth villamizar navas maria la baja area since may 2016 alva navas collecting ffb growers accepted offer paying market price invoices offered harvest fruit made several trucks available transport ffb field collection site buys fruits anyone regardless ownership due people started stealing fruit area purchases fruit regardless origin collecting fruit type sanitary control staff hired outside rules laid ministry labor vehicles collect fruit night time restrictions apply mobility imposed city hall ffb transferred mills located department magdalena belonging aceites palma aceite,2
synopsis family member employee injured commotion plantation ensuing medical condition injury rendered unable work complaint made enable enlist help securing insuring benefits injuries remarks acknowledged complaint engaged bilateral negotiations amicable solution reached assisted securing necessary insurance benefits,0
named practising open burning resulting haze peninsular malaysia singapore reached hazardous levels countries acted breach principle 5 environmental responsibility conservation natural resources biodiversity potentially breach principle 7 responsible new planting criterion 5 1 aspects plantation mill management including replanting environmental impacts identified plans mitigate negative impacts promote positive ones made implemented monitored demonstrate continual improvement criterion 5 5 use fire waste disposal preparing land replanting avoided except specific situations identified asean guidelines regional best practice criterion 7 7 use fire preparation new plantings specific situations identified asean guidelines regional best practice complaint filed executive board view fact members named media source fires hotspots analysis conducted two external experts show hotspots analysis jatim jaya perkasa available august 2013 verification submitted based total concession area 11 801 ha 8 200 within hgu 3 601 ha within plasma area actual burning found 22 74 hotspot locations actions taken include 1 intensify fire patrolling hourly hotspot monitoring must submitted central monitoring post 2 revise sops emergency fire procedure land forest fire prevention patrol land forest land preparation water management 3 improve water management according bmps existing cultivation peat4 organize firefighting fire prevention campaign local 5 engage local fire patrolling dry season6 establish database high risk hotspots area draft action plan submitted october 2013 jatim jaya perkasa completed following corrective actions 1 one firefighting team formed 35 members 18 units water pump robin 6 units high pressure water pump tohatsu 4 units motorcycle 1 unit wheel drive vehicle 2 recent hotspot monitoring jatim jaya perkasa downloaded eye haze one hotspot identified march 7 none found field verification 3 jjp implemented water management fire preventionsystem,2
allegations raised pertaining variety workers rights violations poor working conditions non provisions subsidy non payment social security bpjs poor safety conditions workers health unreasonable working hours amongst others several workers arrested police protesting pertaining rights,4
deforestation value greenworld sdn bhd subsidiary bunga,3
deadly trade greenpeace said ioi continued buy third party suppliers linked environmental destruction exploitation including arrtu energie resources eagle high plantation rajawali ehp supplier gar nov greenpeace aer burning house dec mighty earth rapid response 22 indications 109 ha deforestation inside arrtu energie resources concession jul 14 nov 13,3
mighty earth indications deforestation mml concession total area 115 ha april 17 may 27 addition 40 ha area prepared clearance mighty earth mml part bakrie,1
breached obligations ignoring high conservation values hcvs identified new planting procedure npp 2013 clearing land protected area plant crops situation affected forest conservation area protected according costa rican law deforested area deforestation took place abandoned damage remedied andthe said act deforestation violates sustainability principles significant negative impact local biodiversity communities depend ecosystem,0
tpols stated transnational labour solidarity tpols received reports violations basic labour rights plantations based reports union members found number similarities employment practices violate human rights standards among transnational corporations practice contradicts called sustainability policies claimed mdash members two estate jaya mandiri sukses suryabumi tunggal perkasa eagle high plantation later mongabay issue,4
deforestation gerbang benua raya linked supplier abdi budi mulia abm,3
deadly trade greenpeace ioi continues buy third party suppliers linked environmental destruction exploitation austindo nusantara jaya eagle high plantation rajawali goodhope carson cumberbatch korindo indofood tabung haji plantations mighty earth published rapid response 5 carrying deforestation palem segar lestari megakarya jaya raya kartika cipta pratama krida dharma kahuripan kapuasindo industry rimba karya rayatama jaya harapan rimba jaya persada kencana prima linked gar supply chain level kpi rj hrj kdk,3
clearance potential high carbon stock hcs forest peat orangutan habitat genting potential forest clearance impacts biodiversity,1
infringed private property firebreak destroyed part forest plot land situation affected place complainants cattle located comply conciliation agreement signed parties,0
complaint matter public interest taken complaints panel 26of july 2015 wsj ran article syed zain al mahmood alleging felda breached labour conditions plantations allegations mainly say forced labour used workers paid minimum wages health working conditions neglected employers withheld passports,4
fpp complaint alleging breaches principles criteria gar including hcv fpic smallholder schemes indonesian law kartika prima cipta kpc west kalimantan,0
sustainability risk analysis agency chain reaction research mongabay claim capitol responsible deforestation papua controlled widjaja family specifically jimmy widjaja chain reaction research notes however official documentation relationship capitol gar exists gar publicly list capitol one subsidiaries,3
breached plasma scheme arrangement based plasma agreement 1997 perform necessary land certificate arrangement share profit sales ffb starting 2002 2014 allegation embezzled funds process land certification approximately 100 ha,0
mighty earth rapid response 20 indications deforestation putra utama lestari area 1 ha 20 may 24 sep area 2 2 ha 7 may 11 sep,1
mighty earth rapid response 6 committing deforestation linked gar supply chain rayatama jaya sumur pandanwangi mulia inti perkasa prasetya mitra muda krida dharma kahuripan,3
terminated workers violation indonesian employment law,4
sawit mas sejahtera sms accused complying labour laws regulations,4
minimum wage wage withholding deduction occupational hazard unsafe working conditions exposure chemicals,4
shadow clearing lands,1
allegation claims pn vi bought illegal ffb communities informed communities planted plantations concession area sold ffb members pn vi provided evidence allegations,0
june 15th 2021 forest peoples programme pusaka tuk indonesia walhi published titled demanding accountability listing case studies human rights abuses involving 10 operating indonesia,0
small holders affairs small holders affairs department nbpol acts mediator watchdog us small holder growers nbpol acknowledge department working personals within department assisted us throughout years one disgusting thing major dispute small holder department dont hear grievances small holder growers act mediator bring issue right management discuss issue round table come compromise beneficiary us industry instead department acts police suspend blocks allegation dispute even disputes grievances applied grievance forms squeezed thrown trash cans time department act dictator deprive privileges rights small holder grower speak unfair issues practicing implement agendas ideas interest undermine wellbeing freedom expression speech smallholder growers buffer zone exploitation nbpol exploiting 20 metre buffer zone limit photos shown kumbango plantation beside dagi river bank clearing new replant mighty dagi river caused enormous flooding great land mass devastation erosion due mass deforestations buffer zone exploitations river gone tinny kids everybody crossed river swimming today ankle deep walk across usually live side river river livelihood waste disposal river kumbango plantation workers dumping waste metal junks workshop junks dagi river bank photos shown workshop waste thrown beside roadside 20 metres away dagi river bank bio gas electricity power plant set two 2 bio gas electricity power plants one mosa mill one kumbango mill plants generate enormous supply electricity enough feed whole province surplus plants act step electricity supply electricity commission png rakes pgk millions monthly basis small holder growers left income revenue plant run waste ffb supply dont share us income revenue least must feed electricity supply respective homes well part beneficiaries development photos plants shown exessive deductions placing excessive deductions small ffb income revenue run operation toils watered receive lousy pgk 170 per pay day even though price high world market us dollars lousy pgk 170 equivalent lousy usd50 pricing formulai kindly ask board panel help small holder growers liaise review pricing formula using pay growers review contract agreement contract agreement smallholder growers set place harrisons crossfield australian government early stages development project 1967 policies agreements set place beneficiary gain manipulating colonial mindset benefits ruling masters agreement placed smallholder growers awkward position power say treated slaves government industry even though positive economic input constant economic development country world whole supplying steady tonnage ffb weekly basis sincerely urge board assist us reviewing contract agreement roundtable hoskins growers association opga agreement must satisfactory parties protocols humanitarian wellbeing general humanitarian welfare sustainabilitythis forty eight 48 year hoskins project since 1967 project trained us good growers adhering protocols principles industry prolonged time early days board set place yet taught general practice principles dpi maintain cleanliness blocks homes drinking water custody land title form pay rental fees maintaining boundary pegs maintaining 100 metres buffer zone apply fertilizers like ammonium phosphate ammonium nitrite process harvesting upkeeping selective weeding use chemicals tools policies trespassing unnecessarily blocks given consent owner maintaining friendly peaceful environment things thought return receive higher income enhance stabilize living standards modernize standard hard labor work vain price ffb still lowest rates since started 1967 even went zero rates years back cost living high accumulating prices goods services government gst taxes every goods services high school fees demand accumulating extended families living single block ffb price pay receiving cannot sustain accumulating necessities life tell truth right surviving subsistence gardening little bits reserve land otherwise weve dead preach talk commodity dealing working must sustainable enough meet standards demands every parties involved primary producer commodity must sustained end user must sustained satisfied even cannot savings start spinoff businesses throughout years toil nothing us search optional means ways sustainable income start profitable businesses live run homes proper water sanitation electricity proper health care life insurance cover proper working machineries even cant employ laborers help us manage work load due financial incapabilities heavy jobs done manually using strength pioneering fathers died young sorts body conditions like back problems knee problems eye problems heart kidney failures many undiagnosed ailments high body strain levels stabilize diets even many growers killed falling ffbs branches process harvesting others killed falling stumps poisoned unknowingly working compensation looses lives talk lets come together round table discuss underlying issues beneficiary sustainability us concept,0
sourcing non compliant ffb aspirasi kristal sdn bhd,5
may 4 ran published titled exposed elephant habitat leuser ecosystem fresh attack indo alam repeatedly exposed deforestation,3
synopsis carrying illegal logging 540 ha kawasan budidaya kehutanan kabupaten kutai kertanegara planted land outside concession area planted land outside hgu remarks written member preliminary findings 4 june 2013 based evidence furnished box complaint legitimate refer rspo’s complaints process flow member since met 26 july 2013 relevant documents pertaining allegations made available investigation,2
allegations member developing plantation proper npp process developing plantation informing local communities failed comply national law forest conversion mistreatment employees including arbitrary dismissal new plantings established eia hcv assessment,2
allegations revolve around land issues evicted agricultural land elements intimidation local authorities process resolving disagreements aforementioned land dispute destroyed irrigation built government,0
50 workers unjustifiably dismissed,4
ngos asked artha prigel subsidiary bukit barisan indah prima legally responsible violent action 22 3 resulted deaths two farmers pagar batu village pulau pinang sub district lahat regency south sumatra another two injured land conflict lahat farmers ap reportedly ongoing since 1993 operation arta prigel several villages especially village talang sawah talang sejemput based official legal permits however hgu proposal filed 2003 issued bpn lahat 2006,0
ran published investigation problem deforestation beyond outside known concessions occurring within district aceh tamiang priority landscape singkil bengkung trumon region rawa singkil wildlife reserve,1
aby rainforest action network ran calls ten largest corporate groups involved forest risk commodities timber pulp paper failing adequate policies procedures place ensure indigenous local rights respected process agricultural development evaluates published policies standard operating procedures best practices fulfillment fpic rights finds policy commitments ten major players agribusiness sector ldquo nothing empty promises rdquo,2
clearedand planted land submitting new planting procedure notifications public consultation used intimidation failed secure free prior informed consent fpic communities prior developing land share information requested complainants engage bilateral negotiations enquiries relating complaints henrison inti persada proposed new planting area west papua npp notification downloaded,0
eq indications deforestation inside concession rendi permata raya 2016 2022 gar source rpr deemed non compliant policy however gar sources palmaris raya mitra bumi sumber alam makmur sentosa linked rendi permata raya pr sourced ffb rpr,3
pertaining labour related issues wages optimal health services safety bpjs registered unilateral termination rights workers honoured intimidation expanded job scopes workers harvesters workers working 5 years converted permanent workers instead working days reduced transparent determining lembaga kerjasama lks bipartite amount ffb delivered factory mill,4
1 violation principle 2 2 persistence claim sukajaya transmigration village still demanding rights due illegal operation land still certificates evidence ownership land compensations paid people kinjil village takes 2 years claim kinjil village using land proper consultation compensation previously promised people develop plantation land already agreed certain scale fulfil promise 2 violation principle 6 6 10 6 11 complete comprehensive information people engage partnership scheme understanding promise implementing 50 50 partnership scheme clarity balance credit plantation incentive payment sisa hasil kebun registered name bank name members 6 13 criminalization gusti gelombang representative sukajaya sakabulin villages head cooperative kompak maju bersama 3 violation principle 5 7 destruction graves case handled bilaterally since 2014 escalated police came sawit watchs office arrest gusti gelombang office time,0
mighty earth rapid response indication deforestation bpj total 10 ha 17 jan 4 aug,1
land fires occurred august conservation area within respondent’s hgu covering area approximately 12 hectares blocked river flow within hgu using heavy equipment hence damaging rivers altering function numerous owned plantations public cemeteries within respondent’s hgu area yet enclaved planted peatland within hgu area planted river course areas sungai bengkarai sungai air hitam sungai napoh sungai peragaian sungai merbabu sungai batang merah although signage indicating considered conservation areas failed respond grievances suggestion,2
yet fulfill commitment allocate plasma land,0
mighty earth rapid response 14 april total forest area 33 ha cleared total area 99 ha prepared clearance arjuna utama sawit concession central kalimantan deforestation allegations two namely khatulistiwa agro abadi borneo international anugerah said linked aus rapid response 40 july 2022,1
1 land acquired planted agropama obtained fraudulent means 2 last july iterpa local autarchy jurisdiction state par officially informed almost landoccupiedby agropalma fact owed sate par land title registered name information directed court acar small city state par complainants agropalma dispute land rights iterpa informed agropalma settled complainants land state federal land 3 agropalma legally owna single hectare claim certification granted,0
centre orangutan protection gar supplier fairco agro mandiri sourcing ffb four farmers kutai national park kalimantan timur killed orangutan,2
acquisition collingwood plantation pte ltd kuala lumpur kepong bhdis breach national laws papua new guinea land question property collingwood bay communities claiming customary ownership said land,0
lack adequate health safety equipmentlabourer died due lack safety equipmentno festive holidays temporary workers,4
nov 2016 ran published titled protecting leuser ecosystem shared responsibility highlighting clearance forests peatlands continued within existing concessions since governor aceh distributed circular letter june 17 2016 three months following circular letter july august september 2016 evidence continued deforestation found 12 concessions located within threatened lowland rainforests peatlands leuser ecosystem agra bumi niaga one 12,3
1 land claim 1 member nanga suhaid mr saudi 2 land compensation claim 1 member nanga suhaid h kutai 3 water pollution kapuas river affecting fish farmers business production 4 conflict residents village head tanjung regarding water quality 5 conflict residents village head emperiang regarding land acquisition process,0
member 1 initiated campaign aimed denigrating general well asproducts containing tag line campaign l huile depalme c est nul translated rubbish 2 fuelling negative perception france parts world 3 launched number free products brand andpromotes denigrating statements general wellas disparaging comparisons competing products containing including ferrero groups nutella 4 refers general way making distinction betweensustainable promoted non sustainable 5 fails promote use sustainable 6 hasnt willing resolve matter despite direct contacts made ferrerogroup,2
rapid response 23 mighty earth indications 129 deforestations asmr concession sep 4 dec 24,1
media two operating jambi carried burnings investigated jambi provincial police department,2
deadly trade greenpeace said ioi continued buy third party suppliers linked environmental destruction exploitation austindo nusantara jaya eagle high plantation rajawali goodhope carson cumberbatch korindo indofood tabung haji plantations,3
mighty earth rapid response 1 4 carried deforestation bintuni agro prima perkasa guntur madu agrotama kahayan agro plantation mustika agung sentosa raw materials least one entering gar supply chain greenpeace final countdown 9 18,3
published ran oppuk ilrf titled “the human cost conflict indofood pepsico’s hidden link worker exploitation indonesia ” reveals findings field investigations worker interviews completed two plantations owned operated member indofood subsidiary london sumatra full available ran org indofood,2
mighty earth rapid response 17 indications peat forest development mkk concession jan 5 june 29 involving total area 25 ha,1
labour rights violation sime darby plantation berhad’s operation,4
sms worker head sbpks gsbi labour union dismissed signed open letter european union president indonesia claiming involved environmental damage land grab,4
complaint lodged bybahtera alam sawit watch lembaga adat kenegerian petapahan complaint outlined 7 allegations various topics,4
may june 2021 eyes forest eof published titled omnibus law automatic legalization illegal plantations eof investigation riau illegal plantations trade illegal fruit eof listed findings eof investigations involving 43 plantation management units located forest estates based ministerial decree number 903 menlhk setjen pla 2 12 2016 07 december 2016 forest estate riau province identified nine gar supplier namely tri bakti sarimas bukit payung mill gandaerah hendana inecda plantation peputra supra jaya ptpn v sekar bumi alam lestari surya agrolika reksa tasma puja indragiri hulu mill kampar mill tunggal perkasa plantation since publication conducted investigations engaged grievance handling case supplier lodged gar grievance tracker updated regularly order stakeholders follow progress,2
transferred different department purportedly punishment providing information auditors respondents audit made work extra hours wages commensurate work load,4
eia greenpeace submitted letter board members representing financial institution drawing attention immediate risk clearance large areas primary forests papua pusaka agro lestari subsidiary noble plantation pte ltd letter hcv assessment conducted nyoto santoso bogor agricultural university npp submissionwas flawed stated primary forests proposed location despite mapping indonesian ministry forestry showing mainly primary forests primary swamp forests letter added eia greenpeace aidenvironment yayasan iar indonesia submitted joint complaint hcvrnabout nyoto santoso,2
gar internal monitoring team found indications potential hcs hcv clearance jan feb apr 2018 kapuasindo industry buana tunas sejahtera concessions west kalimantan gar third party suppliers mighty earth rapid response 5 comapnies committing deforestation linked gar supply chain kapuasindo industry rayatama jaya harapan rimba jaya indirect persada kencana prima krida dharma kahuripan mighty earth rapid response 6 committing deforestation linked gar supply chain rayatama jaya sumur pandanwangi mulia inti perkasa prasetya mitra muda krida dharma kahuripan,0
jun 2021 rapid response 34 june aug april 2021 614 hectares forest logged cleared within rimbunan hijau lpf 0026 concession,1
untreated wastewater disposed river stream,2
1 fpic related issues criteria 2 3 6 4 7 6 bas compensate land owned haji soleh hasibuan 25 hectares village labuhan jurung ujung batu julu 7700 rubber trees planted land 2 principle 2breach law 40 2007 perseroan terbatas corporate law 47 2012 corporate social environment responsibility lack corporate social responsibility csr 3 criteria 5 3pt bas polluted danau meluak,2
1 complainants conducted land expansion 167 hectares imbo putui customary forest 2 complainants respondents used operational truck passing customary forest disturbing noise dust pollution disturbing growth trees along road cutting animal paths bear deer pangolin snake monitor lizard monkey cutting water paths 3 complainants action planting riverbank even middle river changed waterway planted former river stockpiled 4 complainants taking responsibility social economic ecological damage occurred imbo putui customary forest petapahan village 5 complainants changed natural shape rivers made straight 6 complainants destroying downstream river ecosystem imbo putui customary forest fertilizers pesticides and7 complainants claimed imbo putui customary forest conservation area hcv,0
ran indo sawit perkasa isp caught destroying lowland rainforest singkil bengkung area,3
worked agro indomas indonesia since 1999 mid june 2002 new management agro indomas dismissed 1200 workers transferred families back jaya kalimantan manager objected move requested 2 weeks address root cause employees strike management told employment subsequently terminated 3 4 months later filed wrongful dismissal case supreme court indonesia found favour awarding payment compensation usd645 590 travel claim usd4906 60 december 2005 since goodhope failed implement court order failed numerous attempts award executed courts indonesia,4
mighty earth september 7 november 13 total 17 hectares forest cleared tirta madu sawit jaya concession,1
greenpeace two andalan sukses makmur asmr subsidiary bumitama bumi sawit sejahtera bss subsidiary ioi clearing forest peatlands bumitama supplier gar foe released similar greenpeace final countdown 9 18 greenpeace dying cookie,3
complaint damaged road sumber indah perkasa sip,0
early may 2021 mighty earth rapid response 33 indications 25 ha deforestation bumi agro oct mar 2021 bumi agro bumi agro prima managed bybumi gading prima supplier gar,1
may june 2021 eyes forest eof published titled omnibus law automatic legalization illegal plantations eof investigation riau illegal plantations trade illegal fruit eof listed findings eof investigations involving 43 plantation management units located forest estates based ministerial decree number 903 menlhk setjen pla 2 12 2016 07 december 2016 forest estate riau province identified nine gar supplier namely tri bakti sarimas bukit payung mill gandaerah hendana inecda plantation peputra supra jaya ptpn v sekar bumi alam lestari surya agrolika reksa tasma puja indragiri hulu mill kampar mill tunggal perkasa plantation since publication conducted investigations engaged grievance handling case supplier lodged gar grievance tracker updated regularly order stakeholders follow progress,2
ran published leuser watch last leuser lowlands field investigation exposes big brands buying illegal singkil bengkung peatlands two gar supplier mills namely global sawit semesta gss samudera sawit nabati ssn processing fruit illegal plantation developed peatlands inside leuser ecosystem national protected rawa singkil wildlife reserve,3
peatland violations clearance tunas baru lampung tbl,1
raised following questions 1 gpb explain fact plantation expansion 22 000 ha new planting procedure requirement took effect january 2010 placing prior notice website comment 2 gpb active development mspo standards striving achieve certification standards 3 gpb plan start certification process malaysia 10 years joining basis complaint genting plantation annual reports 2010 2011 2012 indicates new plantings since 2010 http www gentingplantations com ar12 index htm however received npp notification request genting,2
gar internal monitoring detected indications land clearing hcs clearance dwiwira lestari jaya east kalimantan q3 2018 first lamandau timber international central kalimantan q1 2018 triputra agro persada tap gar supplier later late january mighty earth deforestation dlj nov 2018 january rapid response 12,1
allegations forest clearing supplier austindo nusantara jaya agri anj sorong west papua indonesia media related fire haze involving gar supplier kayung agro lestari kal 10 6 2015 titled deadly trade greenpeace ioi continued buy third party suppliers linked environmental destruction exploitation austindo nusantara jaya eagle high plantation rajawali goodhope carson cumberbatch korindo indofood tabung haji plantations mighty earth rapid response 6 carrying deforestation permata putra mandiri berau karetindo lestari pipit citra persada subur karunia bld plantation bhd rayatama jaya condong garut sumur pandan wangi mulia inti perkasa prasetya mitra muda linked gar suppply chain sumur pandanwangi mulia inti perkasa prasetya mitra muda krida dharma kahuripan mentinoned greenpeace final countdown 9 18,2
9 june ran number allegations kallista alam including,4
mighty earth rapid response 44 indications 113 ha deforestation kalimantan hamparan sawit dec 31 2023 apr 22 2024,1
prosecution union workers order lay weaken union infringement constitutional rights affecting right union association dismissals labour contracts fair cause,4
orangutan found killed eaten concession susantri permai subsidiary genting plantation killing done plantation workers requested suspend membership susantri permai proper socialisation endangered species protection workers conducted,2
may 2022 ran satellite evidence shows cemerlang abadi resumed clearance forests peatland areas since september last year 2021 deforestation persisted least february 2022 24 acres secondary forests cleared make way plantation according significant area land cleared appears secondary young regenerating forests regrowth forests 24 acres secondary forests cleared well 740 acres young regenerating forests aug 2022 ran published another ca social issues conflict,1
mighty earth rapid response 45 june 2023 june 2024 918 ha forest loss clearance preparation prasetya mitra muda concession,1
deforestation perkebunan nusantara 1 ptpn 1 tualang sawit subsidiary ptpn 1,3
labour rights violation malaysian grower felda global ventures fgv plantations,4
eof claims gar purchased ffb illegally grown harvested cpo contaminated ffb cpo products contaminated cpo eof issued alleging number sourced ffb tesso nilo national park bukit tigapuluh national park bukit betabuh tiger corridor,5
ran harita failed respect rights long isun say ldquo rdquo two proposed logging operations customary lands mahakam ulu district east kalimantan indonesia according ran harita controlling shares called bumitama agri limited timber called roda mas bumitama supplier gar,2
prohibits workers conduct union activities protest regards omnibus law b conducted unilateral termination ofemployment 2 two permata hijau sawit workers andc socialize regulations peraturan perusahaan workers damai nusa sekawan,4
allegations 1 workforce bring wives children helpers gerdang help workers reach target harvester 2 impositions penalties workers matter queried worker management failed give satisfactory explanations absent machine workers broken impact payroll ii bonus deductions iii discrimination casual workers,4
cleared hcv forest planted tanjung puting national park violations indonesian national laws planted coastal reserves riparian land prohibited indonesian laws acknowledged complaint despite fact andalas sukses makmur member pledged address issues raised complaint 20 september replied saying bilateral talks parties concerned resolve issues,0
public case released september 2018,5
tuv nord conducted incomplete assessments produced biased assessment reports failed consider aspects rspos requirements principle 7 new planting procedure particularly carrying audit borneo surya mining jaya subsidiary first resource ltd east kalimantan companyallegedly breached certification systemrules two main grounds complaintare 1 dissatisfaction manner tuv nord managed audit process required rspos new planting procedure npp 2 disputes content tuv nordaudit reports including conclusions recommendations,2
allegation presco plc nigeria consent compensation invaded farmland destroyed crops properties thereby depriving main source livelihood legal actions court injunctions ignored presco plc,0
deforestation medco papua hijau selaras subsidiary capitol,3
allegation expansion land approximately 150 ha destruction local farm owned kelompok tani penghijauan tingang menteng deny compensation,0
gar found indication deforestation internal monitoring process mip part widya corp east kalimantan later mighty earth rapid response reports brought issue,1
may june 2021 eyes forest eof published titled omnibus law automatic legalization illegal plantations eof investigation riau illegal plantations trade illegal fruit eof listed findings eof investigations involving 43 plantation management units located forest estates based ministerial decree number 903 menlhk setjen pla 2 12 2016 07 december 2016 forest estate riau province identified nine gar supplier namely tri bakti sarimas bukit payung mill gandaerah hendana inecda plantation peputra supra jaya ptpn v sekar bumi alam lestari surya agrolika reksa tasma puja indragiri hulu mill kampar mill tunggal perkasa plantation since publication conducted investigations engaged grievance handling case supplier lodged gar grievance tracker updated regularly order stakeholders follow progress,2
customer line internal monitoring detected indications 160 ha deforestation inside anugerah niaga sawindo concession jan jul ans owned managed anugerah langkat makmur later detected indications recent deforestation peat clearance another alm groupi e sekar arum setyo abadi,3
bidco uganda limited joint venture wilmar 48 stake,0
may june 2021 eyes forest eof published titled omnibus law automatic legalization illegal plantations eof investigation riau illegal plantations trade illegal fruit eof listed findings eof investigations involving 43 plantation management units located forest estates based ministerial decree number 903 menlhk setjen pla 2 12 2016 07 december 2016 forest estate riau province identified nine gar supplier namely tri bakti sarimas bukit payung mill gandaerah hendana inecda plantation peputra supra jaya ptpn v sekar bumi alam lestari surya agrolika reksa tasma puja indragiri hulu mill kampar mill tunggal perkasa plantation since publication conducted investigations engaged grievance handling case supplier lodged gar grievance tracker updated regularly order stakeholders follow progress,2
corporate social responsibility csr program concrete sustainable surrounding conducted replanting cutting trees plantation resulting emergence insect pests damaging coconut plantation provided pesticides twice take responsibility coconut plantation damage andthe pesticide proposal village head urgently responded caused surrounding suffer great losses,2
dec 2022 eia published worst deforesters 2022 supplying major international permata sawit mandiri sawit sukses sejati deforesters said gar supply chain thru gar suppliers e bumitama rimba mujur mahkota pasifik agro sikarakara mill link,3
high risk rainforest published milieudefensie friends earth netherlands friends earth usa sustainable development institute alleging gvl golden veroleum liberia alleging failure reform behaviour human rights violations environmental degradation disregard communities land rights,2
allegations forest clearance impact biodiversity leuser ecosystem,1
threats biodiversity leuser ecosystem potential forest clearance impacts biodiversity,1
eof issued alleging number sourced ffb tesso nilo national park bukit tigapuluh national park bukit betabuh tiger corridor,5
taken possession native customary land consent owners therefore trespassing said lands wants return land acknowledged complaint indicated ready engage complainants bilateral negotiations response received despite many efforts contact enter dialogue ijm final email sent 11 jan 2012 seek response documentary evidence avail case closed 13 4 2012 due lack evidence response complainants,0
mighty earth rapid response 18 12 ha peat developed mjsp concession march 27 july 28 mjsp gar supplier gar sources klk level,1
golden veroleum liberia majority owned subsidiary gar withdrawn complaints upheld cp appeal complaint directed majority owner gar publicly endorsed withdrawal gvl,5
allegations deforestation caused floods sima village irregularities including development environmental impact assessment land grabbing destroying sacred place dusun sagu indigenous people yerisiam failure following proper fpic process excessive use force violence using state security forces,0
sri ganda dissapointed towards unico desa plantation regarding plan utilize area demarcated conservation area address water issues village,2
claims wrongfully terminated 2 july medical certificates accepted lieu absence work claims monthly salary remitted 3 consecutive months,4
tpols stated transnational labour solidarity tpols received reports violations basic labour rights plantations based reports union members found number similarities employment practices violate human rights standards among transnational corporations practice contradicts called sustainability policies claimed mdash members one estate kutai agro lestari ct agro mongabay,4
termination employment severance related compensation written employment agreement daily casual workers national healthcare insurance bpjs kesehatan employee social security bpjs ketenagakerjaan daily casual workers bonus extra benefits allowance stipulated cba daily casual workers insufficient religious festive allowance daily casual workers ppe provided,4
construction canal prepare deep forested peatland clearance sumatra jaya agro lestari sjal subsidiary gunas west kalimantan,1
representative crude producer allegations regards unsustainable operations respondents plant causing severe air noise pollution disrupting affecting daily lives,2
rapid response 12 mighty earth series peat forest development since july 2018 pinang witmas abadi west kalimantan owned managed pundi lahan khatulistiwa gar supplier online media,1
gar holding used membership rules make two smart ivo mas tunggal members green washed create impression gar committed sustainability membership gar claims aim obtain certification existing operating units 2015 claimed gar holding smart plan become member claims supported evidence held,2
involvement labour right issues sarana prima multi niaga spmn subsidiary tsh,4
bio inti agrindo posco international deemed non compliant suspended ndpe buyers due various deforestation allegation reports q1 2023 bia entered gar supply chain via mechanism called lsquo minimum requirements supply chain entry suspension due ndp non compliance lsquo reentry protocol developed stakeholder working included mighty earth number hcsa members implemented entry protocol requirements include wide land clearing development moratorium halting planting activities non compliant development areas adopting publishing commitment ndpe level submitting concession maps purpose monitoring publishing declaration total area land cleared ldquo non compliant development area rdquo following gar cut date 31 december 2015 commitment implementing recovery plan compensate non compliant development,3
allegations forest clearance impact biodiversity leuser ecosystem,1
stated operated land compensation,0
synopsis communities sanggau mitra austral sejahtera operating lack transparency land status partnership agreements lack compliance customary land rights absence documented compensation lack compliance local regulations acting breached principles criteria specifically principle 1 transparency principle 2 compliance applicable laws principle 6 responsible consideration employees individuals communities affected growers mills,0
operating protected forest area license ministry forestry operating hgu,2
rspos code conduct members members expected propose time bound plan bring mills plantations conformity standard subject operations independent third party verification operations certified compliant 2012 genting plantations announced intention bring operations full compliance standard 2025 see website time bound plan suggests tactics delay rather real commitment implementing standard contend genting plantations subsidiary tanjung bahagia sdn bhd multiple violation rspos principles criteria failing address communitys concerns land acquisition pollution conservation hcv areas open transparent communication consultation dispute resolution mechanism resolve issues complained update case found dsf written member complaint answer received 26 august 2013 currently waiting response,2
deforestation temila agro abadi citra niaga perkasa asia plantation limited felda global venture fgv plantation,3
eof claimed gar purchased ffb illegally grown harvested cpo contaminated ffb cpo products contaminated cpo eof issued another 8 6 18 alleging number sourced ffb tesso nilo national park bukit tigapuluh national park bukit betabuh tiger corridor,5
despite instructions president indonesia new governor aceh stop land clearing plantations despite active conflict local land rights april 2018 ran forest destruction inside concession managed laot bangko may 25 december 2017 total 13 hectares cleared inside concession clearing stopped several months resumed january 2018 four hectares cleared february 2018 fire hot spots recorded showing forests remain threat,3
supply cpo ffb unsustainable sources supplies ffb cpo kapuasindo industri subsidiary kencana non member series conflicts local violations standards,5
ran oppuk ilrf published human cost conflict alleging indofood pp lonsum involved labour exploitation issues deadly trade greenpeace ioi continued buy third party suppliers linked environmental destruction exploitation austindo nusantara jaya eagle high plantation rajawali goodhope carson cumberbatch korindo indofood tabung haji plantations ran published sustainability assessment salim related borneo peat forests alleging drm skl carried peat clearance ketungau forest greenpeace final countdown 9 18,2
member violated principles criteria clearing hcv forest endangering lives orang utans found formal complaint filed allegations result directive seeking clarification response letter submitted attached reviewing specific complaints received contents companys response letter determine next cause action member released following statement update 26 aug 2013bga responded decision complaints panel 30 july 2013 complaints panel deliberate response early sept 2013 update 22 november 2013a meeting conducted 8 november 2013 summary meeting listed bumitama decided transfer membership parent bumitama agri ltd b clearance activities ceased since oct 2013 c bumitama comply new planting procedures future clearance bumitama conduct independent verification encroachment deforestation allegation e lsm implement actions instructed complaints panel stated joint statement 24 sept 2013 update 15 january 2014action 3 refer joint statement dated 24 september 2013 two meetings conducted 17 december 2013 lsm bumitama complainants yiari bksda 22 december 2013 lsm bumitama yiari follow orangutan monitoringand riparian conservation project two main actions meetings listed lsm conduct vegetation enrichment riparian area 484 ha collaboration yiari bksda skw dishut ketapang b special task force formed consisting bksda skw 1 dishut ketapang yiari representatives lsm implementconservation project monitor relocation orang utan action 4 refer joint statement dated 24 september 2013 three npp notifications submitted bumitama published npp website sop npp submitted 9 december 2013,0
synopsis according hutan bumi langgeng perdanatrada subsidiary bw plantation recently started operation expand plantation onto peatland forest areas clearing clarify high conservation forests hcvfs digging canals peatlands drainage encroached tanjung putting national park,1
gar internal monitoring detected indications 8 ha deforestation perintis sawit andalan concession 16 31 mar psa owned managed andika permata sawit lestari,3
unilateral pay cut poor living conditions labourers intimidation workers forced labour lack transparent grievance system,4
dec 2022 eia published worst deforesters 2022 supplying major international permata sawit mandiri sawit sukses sejati deforesters said gar supply chain thru gar suppliers e bumitama rimba mujur mahkota pasifik agro sikarakara mill link,3
1 koperasi koling hapakat use plasma area accordance permission allocated 2 isalleged transfer ownership owned shm sertifikat hak milik koperasi koling hapakat tothe,0
allegation 2 daily workers died due accident happened 23 february 2018 victim rights consist death insurance work accident insurance paid bilah plantido breach p c code 1 2 4 6,4
complaint made sabah mills including mills owned member host plantations mills operating sabah complaint aimed extensive use calcium carbonate plantations alkalinisation acidic soil process splitting kernels extract seed calcium carbonate sourced sea demanded plantation process obtaining calcium carbonate triggered destruction corals turn results environmental degradation sea beds coast sabah,0
allegation criminal land grabbing activities breach rules criminal land grabbing activities breach rules indigenous abraka kingdom,0
respondents development allocation plasma plantations accordance agreement mou kelinjau ulu village,2
since 2016 rainforest action network ran series deforestation allegations tualang raya estate aceh timur gar source tr,3
allegations 1 coles labelling packs product contains either certified sustainable sustainable approved audits 2 coles ceases respond investigation requests official audit certificates 3 coles use close 1 000 contract manufacturers using would impossible certifications claims correct around 100 certified manufacturers australia undergone official audits majority manufacturers contracted coles 4 misleading corporate claims website,5
human rights violation dinant,4
mighty earth rapid response indication total 117 ha forest prepared clearance preparation stacking lines inside bssu concession june 12 aug 4,1
demands members nanga suhaid represented fpp kpc takes action regarding return land end hgu plasma revenue water pollution allegations,0
violates standard potentially indonesian law key violation consultation communities take place described npp documents affected communities participate hcv assessment seia hcv assessment technically flawed fpic process place amdal process carried accordance law sml yet obtained permits prerequisite land clearing,0
1 sourcing ffb unsustainable origin 2 failure conduct sia,5
allegations dispute plasma scheme mechanism cooperative issues claims 15 members communities 14 villagers kinjil village 1 villager sukajaya village,0
allegations made relation modification property deeds remove areas identified government lands environmental protection zones lawsuit owners intimidate local people activities negative impact natural environment lead degradation deforestation,0
eof issued alleging number sourced ffb tesso nilo national park bukit tigapuluh national park bukit betabuh tiger corridor,5
land conflict artha prigel subsidiary bukit barisan indah prima resulted death two members,0
non compliant products amanah saham pahang berhad aspa enter wilmar supply chain suppliers,5
ivo mas tunggal accused various environmental labour issues kompas riau media,0
october ran field investigation team documented lowland rainforests illegally logged lands cleared make way plantations drone footage images show scale destruction continues unabated despite forests critical habitat areas sumatran orangutans elephants tigers vital water catchment areas local communities since beginning nia yulided ny reduced standing forests 1 624 1 411 hectares total 213 hectares forest loss small area month august alone 85 hectares forests destroyed,3
cleared planted land customary land new cess grand bassa county liberia seeking expand plantation free prior informed consent communities objecting carrying survey existing concession area,0
1 modification property deeds remove areas identified government environmental protection zone 2 employees paid minimum wage provided protection equipment given workers benefits 3 non compliance labour laws 4 threatening workers suppress information auditors 5 bribing workers government agencies 6 manipulation scale systems 7 falsification data 8 operating environmental licenses,0
domestic wastewater treatment plant oleochemical equalization pool built concrete sludge oleochemical wastewater treatment plant never transported designated waste processing agency dispose liquid waste permit inconsistency volume hazardous waste transported designated waste processing agency sparring equipment yet installed wastewater treatment plant certified wastewater treatment operational responsible water pollution control officer onsite processing fresh fruit bunches non certified plantations,2
gp deforestation case studies final countdown one involved deforestation,1
control union certification cuc conducted incomplete assessments produced biased assessment reports failed consider aspects certification system required certification standards processing certification united plantations subsidiary sinar sawit sejati central kalimantan,2
mighty earth rapid response 1 4 carried deforestation bintuni agro prima perkasa guntur madu agrotama kahayan agro plantation mustika agung sentosa according kap likely supplies ffb tantahan panduhup asia owned sumber tani agung stais gar ssupplier mighty earth rapid response 17 indications deforestation tantahan panduhup asi concession central kalimantan total area 70 ha 7 ha clearance preparation stacking lines mar 20 june 29,3
socfin indonesia used land apporoximately 900 meters many years water pipe line bilah river use mill workers houses consent local,2
conducted land clearing outside boundaries hak guna usaha hgu land affected individuals land purpose development plantation filed police affected individuals led obtaining status suspects police force result individuals protesting respondents land clearing activities,0
14 october 2021 gar received letter tempo regarding investigation tempo mongabay indonesia betahita auriga nusantara investigation found tasma puja batang cenaku mill plantations forest area received purchased processed sold processed fresh fruit bunches harvested protected forest bukit betabuh stated theground check conducted august 28th september 24th 2021 conflict plasma smallholders,2
labour right issues sarana prima multi niaga spmn subsidiary tsh,4
member replaced many products promoting free products initiated aggressive campaigns aimed denigrating general mainly environmental perspective blaming deforestation threateningendangered species fuelling negative perception use among consumers referring general way making distinction betweensustainable promoted non sustainable failure promote use sustainable makes fall back solution failure acknowledge benefits sustainable environmentalperspective finally willing resolve matter despite direct contacts madeby ferrero complaint made ground systeme u undermining objectives enshrined vision mission breaching code conduct,2
mados holdings sdn bhd conducted land clearing prior hcv assessment approved assessor provides following information according gis data published global forest watch 291 ha identified tree cover loss within 6 madoss holdings sdn bhd estates 2016 2017 prior ratification p c 2018 according gis data published global forest watch 230 ha identified tree cover loss within 6 madoss holding sdn bhd estates 2018 ratification p c 2018,1
ran wrote number allegations nafasindo related land conflict local communities,0
land rights labour rights violations environmental pollution putra lirik domas subsidiary kpn corporation,4
sep 19th 2022 ran published titled carbon bomb scandals big brands driving climate disaster according new investigation exposes consumer goods still buying illegal protected wildlife reserve sumatra leuser ecosystem rawa singkil wildlife reserve among allegations shows receipt ffb came mr mahmudin illegal plantation inside rawa singkil wildlife reserve rwsr delivered runding putra persada mill supplier gar via broker called cv buana indah,3
invasion forcible entry ovre eku land presco plc,0
deadly trade greenpeace said ioi continued buy third party suppliers linked environmental destruction exploitation austindo nusantara jaya eagle high plantation rajawali goodhope carson cumberbatch korindo indofood tabung haji plantations,3
synopsis sime darby received complaint operating violation principles criteria violation rspo’s new plantings procedure including acquiring lands respecting customary rights free prior informed consent customary land owners represented representative organisations choice p c 2 2 2 3 7 5 7 6 peoples’ land taken 7 5 7 6 clearing lands prior completion new plantings procedure npp,0
mighty earth rapid response 22 indications 136 ha deforestation june 23 nov 21 inside agro sarimas indonesia concession,1
mar rapid response 25 jan 11 feb 24 total 221 ha forest cleared 397 hectares prepared clearance medcopapua hijau selaras concession mphs case continued appear series rapid response reports,1
allegation commenced planting activities proper consent local asam besar west kalimantan,0
decrease number workers union due actions preventing union conducting activity wrongful dismissal termination employment bad working conditions supply work equipment tools,4
